id,item,domein,subdomein,type,frequentie,eenheid_doel,belang_1_5,effort,bewijskracht,toelichting
H001,Slaap 7-9 uur,Slaap & Herstel,Hoeveel & wanneer,Habit,Dagelijks,uren (numeriek),5,Gemiddeld,hoog (meerdere bronnen),Fundament - beïnvloedt alle andere domeinen.
H002,"Vaste, vroege bedtijd aanhouden (bv. 21u30)",Slaap & Herstel,Hoeveel & wanneer,Habit,Dagelijks,checkbox + tijdstip,4,Gemiddeld,2 bronnen,
H003,Telefoon weg/opladen buiten slaapkamer vanaf vast avonduur,Slaap & Herstel,Avondroutine,Habit,Dagelijks,checkbox,4,Laag,3 bronnen,
H004,Stop met eten 2-3u voor bedtijd,Slaap & Herstel,Avondroutine,Habit,Dagelijks,checkbox,3,Gemiddeld,1-2 bronnen,
H005,5 minuten stretchen voor het slapen,Slaap & Herstel,Avondroutine,Habit,Dagelijks,checkbox/timer,2,Laag,1 bron,
H006,Avondjournal: 1 zorg opschrijven + 3 dingen die goed gingen,Slaap & Herstel,Avondroutine,Habit,Dagelijks,checkbox,2,Laag,1 bron,
H007,"Slaapstack innemen (magnesium, evt. L-theanine/glycine)",Slaap & Herstel,Supplementen,Habit,Dagelijks,checkbox,3,Laag,2 bronnen,
H008,"Herstel structureel inplannen (familietijd, alleen-tijd, downtime)",Slaap & Herstel,Herstel breder,Habit,Wekelijks,checkbox,3,Gemiddeld,1 bron,
H009,"Haal je eiwitdoel (~2g/kg lichaamsgewicht, richtwaarde 200g/dag)",Voeding,Eiwit,Habit,Dagelijks,gram (numeriek),5,Gemiddeld,9 bronnen,Best onderbouwde voedingsregel in de collectie.
H010,Eet 35-40g eiwit bij het ontbijt,Voeding,Eiwit,Habit,Dagelijks,gram (numeriek),4,Gemiddeld,2 bronnen,
H011,"Neem dagelijkse basissupplementen (creatine, zink, D3, omega-3, magnesium)",Voeding,Supplementen,Habit,Dagelijks,checkbox,4,Laag,5 bronnen,Creatine-dosis omstreden: 5g (klassiek) vs 10g (1 bron).
H012,Drink 2-4L water per dag,Voeding,Hydratatie,Habit,Dagelijks,liter (numeriek),3,Laag,2 bronnen,
H013,Meal prep-moment inplannen,Voeding,Structuur,Habit,Wekelijks,checkbox,3,Gemiddeld,3 bronnen,
H014,"Eet 80-90% volwaardige, single-ingredient voeding",Voeding,Structuur,Habit,Dagelijks,checkbox/schatting,4,Gemiddeld,2 bronnen,
H015,80/20-regel: week evalueren (80% clean gehaald?),Voeding,Structuur,Habit,Wekelijks,checkbox,3,Laag,2 bronnen,
H016,Max. 0-1 alcoholische dranken per week,Voeding,Alcohol,Habit,Wekelijks,aantal (numeriek),4,Hoog,4 bronnen,
H017,Weeg je eten (bij afvallen als doel),Voeding,Gewichtsverlies,Habit,Dagelijks,checkbox,3,Gemiddeld,1 bron,Alleen relevant als afvallen een actief doel is.
H018,Beperk suiker als huid dof/opgeblazen aanvoelt,Voeding,Huid,Habit,Dagelijks,checkbox,2,Gemiddeld,1 bron,
H019,Train full body 3-4x per week,Training & Beweging,Frequentie,Habit,Wekelijks,aantal sessies,5,Hoog,5+ bronnen,Vermijd zowel 6x/week als <2x/week.
H020,Wandel dagelijks 8.000-10.000 stappen,Training & Beweging,Dagelijks bewegen,Habit,Dagelijks,stappen (numeriek),5,Laag,16 bronnen,Best onderbouwde regel van de hele collectie.
H021,Zet training als eerste in je agenda,Training & Beweging,Frequentie,Habit,Dagelijks,checkbox,3,Laag,1 bron,
H022,Til zwaar: 5-8 reps op hoofdlifts,Training & Beweging,Uitvoering,Habit,Per sessie,checkbox,3,Gemiddeld,2 bronnen,
H023,Pas progressive overload toe (iets meer dan vorige sessie),Training & Beweging,Uitvoering,Habit,Per sessie,checkbox,4,Gemiddeld,3 bronnen,
H024,Houd trainingsvooruitgang bij (reps/gewicht/tijd),Training & Beweging,Uitvoering,Habit,Per sessie,checkbox/log,3,Laag,2 bronnen,
H025,Zone 2 cardio (~90 min/week op gesprekstempo),Training & Beweging,Cardio,Habit,Wekelijks,minuten (numeriek),3,Gemiddeld,2 bronnen,
H026,"Hill sprints (6x30s, 1x/week)",Training & Beweging,Cardio,Habit,Wekelijks,checkbox,2,Hoog,1 bron,
H027,Train onderlichaam evenveel als bovenlichaam,Training & Beweging,Balans,Habit,Wekelijks,checkbox,3,Gemiddeld,1 bron,
H028,Mobiliteitsroutine heup/rug (7-stappen flow),Training & Beweging,Mobiliteit,Habit,Wekelijks,checkbox/timer,3,Gemiddeld,1 bron,
H029,Hip bridges (1 min x3 of 3x8 reps),Training & Beweging,Specifieke oefening,Habit,Wekelijks,checkbox,2,Laag,1 bron,
H030,Fitness-benchmarktest afleggen (bv. 'Test your reps' of 'Cindy'),Training & Beweging,Benchmark,Milestone/eenmalig,Per kwartaal,resultaat loggen,2,Hoog,2 bronnen,"Meetmoment, geen dagelijkse gewoonte."
H031,"Fysieke mijlpaal behalen (sixpack, deadlift 2x bodyweight, 10 pull-ups...)",Training & Beweging,Aspiratie,Milestone/eenmalig,Eenmalig,checkbox per mijlpaal,3,Hoog,1 bron,
H032,"Let bewust op je houding (schouders achter, kin omhoog)","Uiterlijk, Verzorging & Houding",Houding,Habit,Dagelijks,checkbox,4,Laag,8 bronnen,Gratis en meest terugkerend signaal van zelfvertrouwen.
H033,Kapsel onderhouden,"Uiterlijk, Verzorging & Houding",Grooming,Habit,Elke 2-3 weken,checkbox,3,Laag,2 bronnen,
H034,Schoenen schoonmaken,"Uiterlijk, Verzorging & Houding",Grooming,Habit,Wekelijks,checkbox,2,Laag,2 bronnen,
H035,Vaste signatuurgeur dragen,"Uiterlijk, Verzorging & Houding",Grooming,Habit,Dagelijks,checkbox,3,Laag,5 bronnen,
H036,"Skincare-basisroutine (cleanser, moisturizer, SPF)","Uiterlijk, Verzorging & Houding",Skincare,Habit,Dagelijks,checkbox,4,Laag,1 bron,
H037,Vitamine C-serum ('s ochtends),"Uiterlijk, Verzorging & Houding",Skincare,Habit,Dagelijks,checkbox,2,Laag,1 bron,
H038,Retinol ('s avonds),"Uiterlijk, Verzorging & Houding",Skincare,Habit,Dagelijks,checkbox,2,Laag,1 bron,
H039,Huid exfoliëren,"Uiterlijk, Verzorging & Houding",Skincare,Habit,Wekelijks,checkbox (1-2x/week),2,Laag,1 bron,
H040,Tongpositie/mondademing corrigeren ('s nachts),"Uiterlijk, Verzorging & Houding",Skincare/gezondheid,Habit,Dagelijks,checkbox,2,Gemiddeld,1 bron,
H041,Koude douche nemen,"Uiterlijk, Verzorging & Houding",Koude blootstelling,Habit,Dagelijks,checkbox,2,Hoog,3 bronnen,
H042,Bloedwaarden laten testen,"Uiterlijk, Verzorging & Houding",Gezondheid opvolgen,Milestone/eenmalig,Per kwartaal/jaar,reminder,3,Laag,1 bron,
H043,"Neutrale, kwaliteitsvolle garderobe opbouwen","Uiterlijk, Verzorging & Houding",Garderobe,Milestone/eenmalig,Eenmalig (dan onderhouden),checkbox,2,Gemiddeld,3 bronnen,
H044,Olijfolie i.p.v. koffie als eerste 's ochtends,"Uiterlijk, Verzorging & Houding",Anti-aging swap,Habit,Dagelijks,checkbox,2,Laag,1 bron,
H045,Zijden kussensloop i.p.v. katoen,"Uiterlijk, Verzorging & Houding",Anti-aging swap,Milestone/eenmalig,Eenmalige aanschaf,checkbox,2,Laag,1 bron,
H046,Rood licht na 19u i.p.v. fel wit licht,"Uiterlijk, Verzorging & Houding",Anti-aging swap,Habit,Dagelijks,checkbox,2,Gemiddeld,1 bron,
H047,"SPF elke dag, ongeacht seizoen","Uiterlijk, Verzorging & Houding",Anti-aging swap,Habit,Dagelijks,checkbox,3,Laag,3 bronnen,
H048,Lees minstens 10 pagina's per dag (non-fictie),Mindset & Persoonlijke Groei,Leren,Habit,Dagelijks,pagina's (numeriek),4,Laag,5 bronnen,
H049,"Wekelijkse journal-review (zondag: wat werkte, wat niet)",Mindset & Persoonlijke Groei,Leren,Habit,Wekelijks,checkbox,3,Laag,2 bronnen,
H050,Kort dagelijks journalen (wie je aan het worden bent),Mindset & Persoonlijke Groei,Leren,Habit,Dagelijks,checkbox,2,Laag,1 bron,
H051,Beloftes aan jezelf nakomen (zelf-tracking),Mindset & Persoonlijke Groei,Zelfvertrouwen,Habit,Wekelijkse zelfcheck,checkbox,3,Gemiddeld,1 bron,
H052,Wekelijks iets doen dat je licht ongemakkelijk maakt,Mindset & Persoonlijke Groei,Zelfvertrouwen,Habit,Wekelijks,checkbox,3,Gemiddeld,3 bronnen,
H053,Voortgang op je 6-12 maanden vaardigheid/gewoonte checken,Mindset & Persoonlijke Groei,Discipline,Habit,Maandelijks,checkbox/log,4,Hoog,3 bronnen,
H054,Bewust nee zeggen tegen iets dat energie kost,Mindset & Persoonlijke Groei,Discipline,Habit,Wekelijks,checkbox,3,Gemiddeld,2 bronnen,
H055,Eén 'side quest' doen (kleine actie uit de sleur),Mindset & Persoonlijke Groei,Verrijking,Habit,Wekelijks,checkbox (kies uit lijst),2,Laag,1 bron,Zie Challenges voor de 20 opties.
H056,"Zelfcheck: reageerde ik, of react-te ik vandaag?",Mindset & Persoonlijke Groei,Zelfbeheersing,Habit,Dagelijks,checkbox/rating,3,Gemiddeld,1 bron,
H057,Plan morgen vanavond (planning + belangrijkste taak),Productiviteit & Systemen,Avondplanning,Habit,Dagelijks,checkbox,5,Laag,4-5 bronnen,Sterkst onderbouwde productiviteitsregel.
H058,"Ochtend beschermen (vast vroeg opstaan, eerste uur voor jezelf)",Productiviteit & Systemen,Ochtendroutine,Habit,Dagelijks,checkbox + tijdstip,4,Gemiddeld,2 bronnen,
H059,3 niet-onderhandelbare dingen doen vóór 9u,Productiviteit & Systemen,Ochtendroutine,Habit,Dagelijks,checkbox (0-3),3,Gemiddeld,1 bron,
H060,Wekelijkse life-audit / weekplanning,Productiviteit & Systemen,Review-ritme,Habit,Wekelijks,checkbox,4,Gemiddeld,2 bronnen,
H061,Inbox opruimen,Productiviteit & Systemen,Review-ritme,Habit,Wekelijks,checkbox,2,Laag,1 bron,
H062,Maandelijkse doelen-review,Productiviteit & Systemen,Review-ritme,Habit,Maandelijks,checkbox,3,Gemiddeld,1 bron,
H063,Selfless/selfish-uren blokkeren in agenda,Productiviteit & Systemen,Grenzen,Habit,Wekelijks,checkbox,3,Gemiddeld,1 bron,
H064,1 volledige dag per week social-media-vrij,Productiviteit & Systemen,Digitale grenzen,Habit,Wekelijks,checkbox,3,Hoog,1 bron,
H065,Telefoon weg tijdens gesprekken,Productiviteit & Systemen,Digitale grenzen,Habit,Dagelijks,checkbox,3,Laag,2 bronnen,
H066,Doomscrollen-avondcheck (gehaald: geen scrollen?),Productiviteit & Systemen,Digitale grenzen,Habit,Dagelijks,checkbox,3,Gemiddeld,3 bronnen,
H067,1 weekend per maand actief blokkeren in de agenda,Productiviteit & Systemen,Vrije tijd,Habit,Maandelijks,checkbox,3,Gemiddeld,1 bron,
H068,"Oogcontact-techniek toepassen (glimlach eerst, 3-5s, 50/70-regel)",Sociale Vaardigheid & Communicatie,Oogcontact,Habit,Doorlopend/situationeel,checkbox,3,Gemiddeld,5 bronnen,
H069,Pauzeren voor je antwoordt in een gesprek,Sociale Vaardigheid & Communicatie,Communicatie,Habit,Doorlopend/situationeel,checkbox,2,Gemiddeld,2 bronnen,
H070,Eén keer per week bewust 'nee' zeggen zonder uitleg,Sociale Vaardigheid & Communicatie,Grenzen,Habit,Wekelijks,checkbox,3,Gemiddeld,1 bron,
H071,Actief om iets vragen (opslag/deal/'ja'),Sociale Vaardigheid & Communicatie,Assertiviteit,Milestone/eenmalig,Bij gelegenheid,checkbox,2,Hoog,1 bron,
H072,Tijd investeren in inspirerende mensen/gelijkgestemden,Sociale Vaardigheid & Communicatie,Sociale kring,Habit,Wekelijks,checkbox,3,Gemiddeld,3 bronnen,
H073,Ouders bellen / familie-etentje,"Relaties, Gezin & Ouderschap",Relaties onderhouden,Habit,Wekelijks,checkbox,4,Laag,1 bron,
H074,Op de grond spelen met je kinderen,"Relaties, Gezin & Ouderschap",Aanwezigheid,Habit,Dagelijks,checkbox,4,Laag,1 bron,
H075,"Maandelijkse koppel-check-in (dankbaarheid, ouchies, energie, financiën, agenda)","Relaties, Gezin & Ouderschap",Koppel,Habit,Maandelijks,checkbox (5 subpunten),5,Gemiddeld,1 bron (5-punts systeem),
H076,Gedrag-i.p.v.-identiteit taal gebruiken bij het corrigeren van kinderen,"Relaties, Gezin & Ouderschap",Opvoeding,Habit,Doorlopend,checkbox/zelfcheck,4,Gemiddeld,1 bron,
H077,De 10 huwelijksgesprekken voeren,"Relaties, Gezin & Ouderschap",Vóór het huwelijk,Milestone/eenmalig,Eenmalig,checklist (10 items),5,Hoog,1 bron (coherente set),
H078,De 7 zwangerschapsgesprekken voeren,"Relaties, Gezin & Ouderschap",Vóór een zwangerschap,Milestone/eenmalig,Eenmalig,checklist (7 items),5,Hoog,1 bron (coherente set),
H079,"Informele bijeenkomst organiseren (kom-en-ga, geen formeel diner)",Gastvrijheid & Sociale Verbinding,Gastvrijheid,Habit,Maandelijks,checkbox,5,Gemiddeld,3 onafhankelijke bronnen,Sterkst onderbouwde levensles in de hele collectie.
H080,Gasten laten meehelpen i.p.v. alles perfect willen maken,Gastvrijheid & Sociale Verbinding,Gastvrijheid,Habit,Bij elke bijeenkomst,checkbox,3,Laag,3 bronnen,
H081,Open-deurbeleid toepassen (drempel verlagen voor spontaan bezoek),Gastvrijheid & Sociale Verbinding,Gastvrijheid,Habit,Doorlopend,checkbox,3,Gemiddeld,3 bronnen,
H082,Sparen/investeren automatiseren vóór je uitgeeft,Financiën & Ondernemerschap,Financiële discipline,Habit,Maandelijks,checkbox/bedrag,4,Laag,2 bronnen,
H083,Financiën op 1 overzichtspagina bijhouden,Financiën & Ondernemerschap,Financiële discipline,Habit,Maandelijks,checkbox,3,Gemiddeld,1 bron,
H084,CEO-uur: eerste uur van de dag enkel strategie,Financiën & Ondernemerschap,Systemen,Habit,Dagelijks,checkbox,3,Gemiddeld,1 bron,
H085,No-meeting blok voor deep work,Financiën & Ondernemerschap,Systemen,Habit,Wekelijks,checkbox,3,Gemiddeld,1 bron,
H086,Klantenbestand doorlichten (onderste 20% eruit),Financiën & Ondernemerschap,Verkopen & klanten,Habit,Per kwartaal,checkbox,2,Hoog,1 bron,
H087,Cashflow checken (niet enkel winst op papier),Financiën & Ondernemerschap,Financiële discipline,Habit,Maandelijks,checkbox,3,Laag,1 bron,
H088,Betaal voor iemands koffie en loop weg zonder iets te zeggen,"Challenges (uit de life-guide, ter inspiratie)",Stille aanwezigheid,"Challenge (speels, incidenteel)",Incidenteel,checkbox,1,Laag,1 bron (uit een lijst van 8-20 varianten),
H089,Stap een luxewinkel binnen en stel een vraag met zelfvertrouwen,"Challenges (uit de life-guide, ter inspiratie)",Stille aanwezigheid,"Challenge (speels, incidenteel)",Incidenteel,checkbox,1,Laag,1 bron (uit een lijst van 8-20 varianten),
H090,Lees een hardcover boek op een rustige publieke plek,"Challenges (uit de life-guide, ter inspiratie)",Stille aanwezigheid,"Challenge (speels, incidenteel)",Incidenteel,checkbox,1,Laag,1 bron (uit een lijst van 8-20 varianten),
H091,Ga naar een rooftop bar en maak connectie met een vreemde,"Challenges (uit de life-guide, ter inspiratie)",Stille aanwezigheid,"Challenge (speels, incidenteel)",Incidenteel,checkbox,1,Laag,1 bron (uit een lijst van 8-20 varianten),
H092,Drink een espresso in een café zonder iets te zeggen,"Challenges (uit de life-guide, ter inspiratie)",Stille aanwezigheid,"Challenge (speels, incidenteel)",Incidenteel,checkbox,1,Laag,1 bron (uit een lijst van 8-20 varianten),
H093,Wandel alleen door een luxueuze buurt,"Challenges (uit de life-guide, ter inspiratie)",Stille aanwezigheid,"Challenge (speels, incidenteel)",Incidenteel,checkbox,1,Laag,1 bron (uit een lijst van 8-20 varianten),
H094,"Breng een uur door op een kunstveiling, observeer in stilte","Challenges (uit de life-guide, ter inspiratie)",Stille aanwezigheid,"Challenge (speels, incidenteel)",Incidenteel,checkbox,1,Laag,1 bron (uit een lijst van 8-20 varianten),
H095,24 uur geen schermen (vrijdag-zaterdag),"Challenges (uit de life-guide, ter inspiratie)",Sleur doorbreken,"Challenge (speels, incidenteel)",Incidenteel,checkbox,1,Laag,1 bron (uit een lijst van 8-20 varianten),
H096,Ruim elke mail op die je een achterstandsgevoel geeft,"Challenges (uit de life-guide, ter inspiratie)",Sleur doorbreken,"Challenge (speels, incidenteel)",Incidenteel,checkbox,1,Laag,1 bron (uit een lijst van 8-20 varianten),
H097,Koop een onbekend ingrediënt en kook ermee,"Challenges (uit de life-guide, ter inspiratie)",Sleur doorbreken,"Challenge (speels, incidenteel)",Incidenteel,checkbox,1,Laag,1 bron (uit een lijst van 8-20 varianten),
H098,10 minuten koffie bij het raam zonder scrollen,"Challenges (uit de life-guide, ter inspiratie)",Sleur doorbreken,"Challenge (speels, incidenteel)",Incidenteel,checkbox,1,Laag,1 bron (uit een lijst van 8-20 varianten),
H099,Lees 3 pagina's in een boekwinkel-sectie die je normaal negeert,"Challenges (uit de life-guide, ter inspiratie)",Sleur doorbreken,"Challenge (speels, incidenteel)",Incidenteel,checkbox,1,Laag,1 bron (uit een lijst van 8-20 varianten),
H100,Verken een buurt 20 minuten verderop zonder GPS,"Challenges (uit de life-guide, ter inspiratie)",Sleur doorbreken,"Challenge (speels, incidenteel)",Incidenteel,checkbox,1,Laag,1 bron (uit een lijst van 8-20 varianten),
H101,Herschik één kamer om de visuele sleur te doorbreken,"Challenges (uit de life-guide, ter inspiratie)",Sleur doorbreken,"Challenge (speels, incidenteel)",Incidenteel,checkbox,1,Laag,1 bron (uit een lijst van 8-20 varianten),
H102,Kijk naar de zonsondergang tot de eerste ster verschijnt,"Challenges (uit de life-guide, ter inspiratie)",Sleur doorbreken,"Challenge (speels, incidenteel)",Incidenteel,checkbox,1,Laag,1 bron (uit een lijst van 8-20 varianten),
H103,30 minuten iets doen wat je op je tiende graag deed,"Challenges (uit de life-guide, ter inspiratie)",Sleur doorbreken,"Challenge (speels, incidenteel)",Incidenteel,checkbox,1,Laag,1 bron (uit een lijst van 8-20 varianten),
H104,Stuur een fysieke brief naar iemand uit je verleden,"Challenges (uit de life-guide, ter inspiratie)",Sleur doorbreken,"Challenge (speels, incidenteel)",Incidenteel,checkbox,1,Laag,1 bron (uit een lijst van 8-20 varianten),
H105,Eén avondmaal zonder telefoon (in de auto laten),"Challenges (uit de life-guide, ter inspiratie)",Sleur doorbreken,"Challenge (speels, incidenteel)",Incidenteel,checkbox,1,Laag,1 bron (uit een lijst van 8-20 varianten),
H106,4 uur besteden aan iets zonder carrièrevoordeel,"Challenges (uit de life-guide, ter inspiratie)",Sleur doorbreken,"Challenge (speels, incidenteel)",Incidenteel,checkbox,1,Laag,1 bron (uit een lijst van 8-20 varianten),
H107,Eén namiddag podcasts inruilen voor lofi/jazz,"Challenges (uit de life-guide, ter inspiratie)",Sleur doorbreken,"Challenge (speels, incidenteel)",Incidenteel,checkbox,1,Laag,1 bron (uit een lijst van 8-20 varianten),
H108,Met klei iets onvolmaakts maken,"Challenges (uit de life-guide, ter inspiratie)",Sleur doorbreken,"Challenge (speels, incidenteel)",Incidenteel,checkbox,1,Laag,1 bron (uit een lijst van 8-20 varianten),
H109,Eén werkfout waar je op blijft piekeren bewust loslaten,"Challenges (uit de life-guide, ter inspiratie)",Sleur doorbreken,"Challenge (speels, incidenteel)",Incidenteel,checkbox,1,Laag,1 bron (uit een lijst van 8-20 varianten),
H110,Het eerste buurtevenement bijwonen dat je op een flyer ziet,"Challenges (uit de life-guide, ter inspiratie)",Sleur doorbreken,"Challenge (speels, incidenteel)",Incidenteel,checkbox,1,Laag,1 bron (uit een lijst van 8-20 varianten),
H111,Drie oprechte complimenten geven aan vreemden,"Challenges (uit de life-guide, ter inspiratie)",Sleur doorbreken,"Challenge (speels, incidenteel)",Incidenteel,checkbox,1,Laag,1 bron (uit een lijst van 8-20 varianten),
H112,Je meest gebruikte app 72 uur verwijderen,"Challenges (uit de life-guide, ter inspiratie)",Sleur doorbreken,"Challenge (speels, incidenteel)",Incidenteel,checkbox,1,Laag,1 bron (uit een lijst van 8-20 varianten),
H113,Elke 'zou moeten' opschrijven tot je hoofd leeg is,"Challenges (uit de life-guide, ter inspiratie)",Sleur doorbreken,"Challenge (speels, incidenteel)",Incidenteel,checkbox,1,Laag,1 bron (uit een lijst van 8-20 varianten),
H114,"De goede kaarsen en dure koffie gebruiken, gewoon omdat het kan","Challenges (uit de life-guide, ter inspiratie)",Sleur doorbreken,"Challenge (speels, incidenteel)",Incidenteel,checkbox,1,Laag,1 bron (uit een lijst van 8-20 varianten),
H115,Vraagt iemand om een foto/video te verwijderen? Doe het meteen.,Sociale Vaardigheid & Communicatie,Ongeschreven etiquette,Contextuele herinnering,Situationeel,n.v.t. (herinnering),2,Laag,1 bron,
H116,Wacht altijd op mensen die hun schoenveter strikken.,Sociale Vaardigheid & Communicatie,Ongeschreven etiquette,Contextuele herinnering,Situationeel,n.v.t. (herinnering),2,Laag,1 bron,
H117,Wijs nooit iemands gebreken of onzekerheden aan.,Sociale Vaardigheid & Communicatie,Ongeschreven etiquette,Contextuele herinnering,Situationeel,n.v.t. (herinnering),2,Laag,1 bron,
H118,Maak geen plannen waar iemand bij is die niet is uitgenodigd.,Sociale Vaardigheid & Communicatie,Ongeschreven etiquette,Contextuele herinnering,Situationeel,n.v.t. (herinnering),2,Laag,1 bron,
H119,"Verpest het geloof van een kind niet (Kerstman, tandenfee...).",Sociale Vaardigheid & Communicatie,Ongeschreven etiquette,Contextuele herinnering,Situationeel,n.v.t. (herinnering),2,Laag,1 bron,
H120,"Praat nooit over iemands kleren, schoenen, huis of auto.",Sociale Vaardigheid & Communicatie,Ongeschreven etiquette,Contextuele herinnering,Situationeel,n.v.t. (herinnering),2,Laag,1 bron,
H121,Forceer je overtuigingen niet op iemand anders.,Sociale Vaardigheid & Communicatie,Ongeschreven etiquette,Contextuele herinnering,Situationeel,n.v.t. (herinnering),2,Laag,1 bron,
H122,Bied je eten aan wie niets heeft.,Sociale Vaardigheid & Communicatie,Ongeschreven etiquette,Contextuele herinnering,Situationeel,n.v.t. (herinnering),2,Laag,1 bron,
H123,Zet geen luide muziek in het openbaar.,Sociale Vaardigheid & Communicatie,Ongeschreven etiquette,Contextuele herinnering,Situationeel,n.v.t. (herinnering),2,Laag,1 bron,
